BEDRIJF,PROVINCIE,WEBSITE,TELEFOON,EMAIL,CONTACTPERSOON,FUNCTIE,BATTERIJ_ERVARING,DEYE_KENNIS,WARMTE,BRON,NOTITIES,DATUM
OnzeStroom B.V.,Almere (FL),onzestroom.nl,085-620 04 77,info@onzestroom.nl,Mick Bakker,Oprichter,JA,ONBEKEND,WARM,thuisbatterij installatie NL,Landelijke dekking,2026-03-22
Accuselect B.V.,ONBEKEND,accuselect.nl,ONBEKEND,ONBEKEND,ONBEKEND,ONBEKEND,JA - Powerselect,ONBEKEND,MIDDEL,thuisbatterij NL,KvK 87814048,2026-03-22
Thuisbatterij.nl (Recharged BV),Den Hoorn (ZH),thuisbatterij.nl,ONBEKEND,info@recharged.nl,ONBEKEND,ONBEKEND,JA,ONBEKEND,MIDDEL-WARM,thuisbatterij NL,KvK 89243188 - Den Hoorn ZH,2026-03-22
Recharged Zakelijk,Den Hoorn (ZH),recharged.nl,ONBEKEND,info@recharged.nl,ONBEKEND,ONBEKEND,JA - zakelijk,ONBEKEND,WARM,recharged.nl zakelijke thuisbatterijen,Zakelijke focus - goede prospect,2026-03-22
MetDeZon,Landelijk,zonnepanelen.nl,ONBEKEND,ONBEKEND,ONBEKEND,ONBEKEND,JA,sinds 2008,MIDDEL,zonnepanelen + thuisbatterijen + laadpalen,Oud maar gevestigd bedrijf,2026-03-22
Multi Energy Solutions,Noord-Holland,multienergysolutions.nl,ONBEKEND,ONBEKEND,ONBEKEND,ONBEKEND,JA - Enphase/SolarEdge,NIET,MIDDEL,Enphase en SolarEdge dealer, Zouden bestaande merken kunnen switchen naar Deye?,2026-03-22
Kiwatt,Landelijk,kiwatt.nl,ONBEKEND,ONBEKEND,ONBEKEND,ONBEKEND,JA - zakelijk,ONBEKEND,WARM,zakelijke batterijoplossingen NL,Focus op netcongestie - ideale prospect Deye omvormers,2026-03-22
Batterijenhuis,Landelijk,batterijthuis.com,0850781279,info@batterijthuis.com,ONBEKEND,ONBEKEND,JA,NIET (Duracell),MIDDEL,thuisbatterij NL,Verkoopt Duracell - potentieel voor switch naar Deye?,2026-03-22
ThuisbatterijNederland.nl,Landelijk,thuisbatterijnederland.nl,ONBEKEND,ONBEKEND,ONBEKEND,ONBEKEND,JA,NIET,MIDDEL,thuisbatterij vergelijking NL,Vergelijkingsplatform - lastig te bereiken,2026-03-22
Trustoo (aggregator),Landelijk,trustoo.nl/nederland/thuisbatterij/,ONBEKEND,ONBEKEND,ONBEKEND,ONBEKEND,JA (lead aggregator),ONBEKEND,MIDDEL,Top 10 thuisbatterij installateurs NL,Niet 1 bedrijf maar overzicht - kan helpen met research,2026-03-22
Offgridcentrum.nl,Landelijk (webshop),offgridcentrum.nl,085 00 126 50,info@offgridcentrum.nl,ONBEKEND,ONBEKEND,JA - Victron + Deye,JA (verkoopt Deye),WARM,Deye omvormer NL pagina,Officieel Victron dealer die ook Deye verkoopt - ideale prospect - bereikbaar ma-vr 08:30-17:00,2026-03-22
Schulte Energie & Techniek,Denekamp (OV),schulte-energie-techniek.nl,0541 35 25 20,info@schulte-energie-techniek.nl,Michiel Westerhof,Adviseur,JA - Slimmerik systeem,ONBEKEND,WARM,thuisbatterij installateur OV,Familiebedrijf met thuisbatterij focus - goede supportstructuur,2026-03-22
Alma Solar Shop NL,Frankrijk (webshop NL),alma-solarshop.nl,ONBEKEND,ONBEKEND,ONBEKEND,ONBEKEND,JA - BYD/Huawei/Enphase,JA (Deye dealer),WARM,Deye omvormer NL pagina,Franse wholesaler die actief in NL verkoopt - potentieel voor wholesale partnership,2026-03-22
Simply-Offgrid.nl,Landelijk (webshop),simply-offgrid.nl,ONBEKEND,support@simply-offgrid.nl,ONBEKEND,ONBEKEND,JA - Victron specialist,NIET,MIDDEL,Victron dealer NL,Erkend Victron specialist - geen Deye kennis maar mogelijk switch potentieel,2026-03-22
HTX Solar,Landelijk (webshop),htxsolar.nl,ONBEKEND,ONBEKEND,ONBEKEND,ONBEKEND,JA,JA (Deye dealer),WARM,Deye omvormer pagina,Nederlandse wholesaler met Deye focus - directe concurrent/partnership,2026-03-22
Bliq Energy,Amsterdam (NH),bliq.energy,ONBEKEND,info@bliq.energy,ONBEKEND,ONBEKEND,JA - Energiemanagement,JA (Deye handleidingen),WARM,Bliq installateur portal,Deye+Sofar dealer met focus op dynamisch energiehandelen - hightech prospect,2026-03-22
ZPN (Zonnepanelen Noord),Groningen (GN),zpn.nl,ONBEKEND,info@zpn.nl,ONBEKEND,ONBEKEND,JA - thuisbatterij specialist,WARM,Google zoekopdracht,Noord-Nederland specialist - levert in GN/FR/DR/OV/FL - ideale regionale partner,2026-03-22,ONBEKEND
InstallPro Fix,Groningen (GN),installprofix.nl,085 060 3242,info@installprofix.nl,ONBEKEND,ONBEKEND,JA - thuisbatterij,WARM,Google zoekopdracht,Noord-Nederland focus - kan partner worden voor GN/FR/DR regio,2026-03-22,ONBEKEND
APSolar,Noord-Nederland,apsolar.nl,ONBEKEND,ONBEKEND,ONBEKEND,ONBEKEND,JA - thuisbatterijen + warmtepompen,WARM-MIDDEL,Google zoekopdracht,InstallQ erkend - breed dienstenpakket - potentiële Deye partner,2026-03-22,ONBEKEND
SDO Techniek,Groningen (GN),sdotechniek.nl,ONBEKEND,info@sdotechniek.nl,ONBEKEND,ONBEKEND,JA - thuisbatterij,WARM,Google zoekopdracht,Eigen teams in heel GN/FR/DR - goede dekking noord-Nederland,2026-03-22,ONBEKEND
Groene Kracht Installaties,Groningen (GN),groenekrachtinstallaties.nl,ONBEKEND,ONBEKEND,ONBEKEND,ONBEKEND,JA - airco/warmtepomp/zonnepanelen/thuisbatterij,MIDDEL,Google zoekopdracht,Breed dienstenpakket - potentieel voor combinatie-oplossingen,2026-03-22,ONBEKEND
SolarVirtuoos,Groningen (GN),solarvirtuoos.nl,ONBEKEND,ONBEKEND,ONBEKEND,ONBEKEND,JA - thuisbatterijen,WARM-MIDDEL,Google zoekopdracht,Gecertificeerde installateurs - volledige ontzorging - prospect voor Deye,2026-03-22,ONBEKEND
Dé Zonnepanelen Installateur,Groningen (GN),dezonnepaneleninstallateur.nl,ONBEKEND,ONBEKEND,ONBEKEND,ONBEKEND,JA - thuisbatterij,WARM-MIDDEL,Google zoekopdracht,Onder Dé Duurzame Installateur - netwerk met meerdere noordelijke vestigingen,2026-03-22,ONBEKEND
De Eilanden,Den Haag (ZH),de-eilanden.nl,ONBEKEND,info@de-eilanden.nl,ONBEKEND,ONBEKEND,JA - thuisbatterijen inclusief installatie,MIDDEL,Google zoekopdracht,Landelijke dekking - gecertificeerde installateurs,2026-03-22,ONBEKEND
Zonneplan,Landelijk,zonneplan.nl,ONBEKEND,ONBEKEND,ONBEKEND,ONBEKEND,JA - thuisbatterij,MIDDEL,Google zoekopdracht,Groot platform - thuisbatterij met installatie - potentiële partnership,2026-03-22,ONBEKEND
Sessy,Nederland (NL),sessy.nl,ONBEKEND,info@sessy.nl,ONBEKEND,ONBEKEND,JA - Nederlandse thuisbatterij (eigen merk),NIET,MIDDEL,Google zoekopdracht,Nederlands fabricaat - concurrent maar ook mogelijke samenwerking installer network,2026-03-22
Solarwatt,Nederland (NL),solarwatt.nl,ONBEKEND,info@solarwatt.nl,ONBEKEND,ONBEKEND,JA - thuisbatterij + omvormer,NIET,MIDDEL,Google zoekopdracht,Compleet systeem (panelen+batterij+omvormer) - concurrent maar kan switchen,2026-03-22
JS Energy (J&S Verduurzaming),Landelijk,jsenergy.nl,ONBEKEND,info@jsenergy.nl,ONBEKEND,ONBEKEND,JA - zakelijk 100kWh-5MWh,ONBEKEND,WARM,energieopslag bedrijf NL,Partner met internationale topfabrikant - zakelijke focus - potentieel voor grote systemen,2026-03-22
Altilia,Landelijk,altilia.nl,ONBEKEND,info@altilia.nl,ONBEKEND,ONBEKEND,JA - slimme batterij + congestie,ONBEKEND,WARM,energieopslag bedrijf NL,250+ installateurs netwerk - landelijke dekking - werkt met dynamische energiecontracten,2026-03-22
ZakelijkeBatterij.nl,'s-Gravenzande (ZH),zakelijkebatterij.nl,085 060 4326,info@zakelijkebatterij.nl,ONBEKEND,ONBEKEND,JA - zakelijke batterijen (100-932 kWh),ONBEKEND,WARM,energieopslag bedrijf NL,KvK 89243188 - Merken: Kstar, RCT
BatterijXpert,Nederland (NL),batterijxpert.nl,ONBEKEND,ONBEKEND,ONBEKEND,ONBEKEND,JA - InstallQ erkend,ONBEKEND,WARM-MIDDEL,InstallQ erkend NL,Door InstallQ erkend installatiebedrijf - 100% achteraf betalen - goede prospect,2026-03-22
Generation Green,Landelijk (NL),generationgreen.energy,+31 (0)850487320,info@generationgreen.energy,ONBEKEND,ONBEKEND,JA - zakelijke batterijen,NIET,WARM,energieopslag bedrijf NL,Partner in duurzame zakelijke energie - zonnepanelen, laadpalen
TekPower B.V.,Hazerswoude-Rijndijk (ZH),tekpower.nl,+31 (0)71 204 8655,info@tekpower.nl,ONBEKEND,ONBEKOND,JA - megabatterijen zakelijk,NIET,WARM,energieopslag bedrijf NL,Familiebedrijf 6+ jaar ervaring - richt zich op C&I markt - KvK 75703564,2026-03-22
Kuyt Verduurzaming B.V.,Urk (FL),kuytverduurzaming.nl,0527-221 025,Info@kuytverduurzaming.nl,ONBEKEND,ONBEKEND,JA - Sigenergy/KSTAR zakelijk,NIET,WARM,energieopslag bedrijf NL,Gespecialiseerd in batterijopslag op maat voor organisaties - IP66, V2X-ready systemen
Agro Zon,ONBEKEND (ZH),agrozon.nl,ONBEKEND,info@agrozon.nl,ONBEKEND,ONBEKEND,JA - zakelijke energieopslag,ONBEKEND,MIDDEL-WARM,energieopslag bedrijf NL,Recent update - Agrarische sector focus - potentieel voor energieopslag in bedrijfspanden,2026-03-22
BlauHoff,Landelijk (NL),blauhoff.com,ONBEKEND (formulier),ONBEKEND,ONBEKEND,ONBEKEND,JA - zakelijke batterijen (Maxus),NIET,WARM,energieopslag bedrijf NL,8.000 cycli/10 jaar garantie - leasemogelijkheden - landelijke B2B focus,2026-03-22
Greenworld,Zittert (LB),greenworld.nl,077-465 30 04,info@greenworld.nl,ONBEKEND,ONBEKEND,JA - Pylontech/Enphase/Huawei/Growatt,NIET,MIDDEL-WARM,thuisbatterij installateur Limburg,Sinds 2014 ervaring met thuisbatterijen in Limburg - showroom in Maasbree - 09:00-12:00 bereikbaar,2026-03-22
Connect Techniek B.V.,Roermond (LB),connect-techniek.nl,+31 644 688 999,info@connect-techniek.nl,ONBEKEND,ONBEKEND,JA - Pylontech H3X,NIET,MIDDEL-WARM,thuisbatterij installateur Limburg/Brabant,Dé thuisbatterij installateur van het zuiden - showroom Roermond - plaatsen dagelijks in Roermond/Weert/Venlo/LB/NB,2026-03-22
PureSolar,Limburg (LB),puresolar.nl,+31 40 760 0977,info@puresolar.nl,Angela (adviseur),Adviseur,JA - thuisbatterij,NIET,MIDDEL,thuisbatterij installateur Limburg,Adviesgesprekken in Limburg - 50-70% eigenverbruik mogelijk - potentieel voor Z-Nederland dekking,2026-03-22
Shift to Solar B.V.,Zwolle (OV),shifttosolar.nl,0529-700214,info@shifttosolar.nl,ONBEKEND,ONBEKEND,JA - zakelijke batterijen (3kWh-2MWh),NIET,WARM,energieopslag bedrijf NL,Marktleider solar canopies + zakelijke batterijen - landelijke dekking NL/BE - InstallQ erkend,2026-03-22
ELIX B.V.,Leusden (UT)/Drenthe/NB,elix.nl,085 303 17 21,klantenservice@elix.nl,ONBEKEND,ONBEKEND,JA - grootschalige zakelijke batterijen (Huawei),NIET,WARM,energieopslag bedrijf NL,3 vestigingen (Leusden/Tynaarlo/Sint-Oedenrode) - KvK 81836864 - complete service van advies tot onderhoud,2026-03-22
Thuisbatterij Baas,Maastricht (LB),thuisbatterijbaas.nl,043 204 15 81,klanten@thuisbatterijbaas.nl,Tim (blijkt uit reviews),ONBEKEND,JA,NIET,WARM-MIDDEL,thuisbatterij installateur Limburg,KvK 90525159 - Punterweg 5 Maastricht - goede reviews (Trustpilot) - Marstek partner (let op: concurrent Deye?),2026-03-22
Thuisbatterij.io,Tilburg (NB),thuisbatterij.io,ONBEKEND,ONBEKEND,ONBEKEND,ONBEKEND,JA - Marstek/Zendure/Jackery partner,NIET (verkoopt andere merken),MIDDEL,thuisbatterij installateur Tilburg,Partner van Marstek, Zendure en Jackery - 2100+ klanten - potentieel voor switch naar Deye?
RVR Thuisbatterij,Hoofddorp (NH),rvrthuisbatterij.nl,ONBEKEND,ONBEKEND,ONBEKEND,ONBEKEND,JA - thuisbatterij specialist,KvK 5055 3828,WARM-MIDDEL,thuisbatterij installateur NH,Regio Hoofddorp/Haarlem - Subsidie en btw thuisbatterij - 10-15 jaar garantie,2026-03-22
Domogo,Utrecht (UT),domogo.nl,085-301 9360,info@domogo.nl,ONBEKEND,ONBEKEND,JA - AlphaESS/Enphase/HYXI/Sigenergy,WARMWarm/MIDDEL,Trustoo reviews + Google, KvK 76703428 - 10 jaar all-risk garantie - gecertificeerde installatie - landelijke dekking - 4.8★ reviews,2026-03-22,ONBEKEND
Energieopslag040,Eindhoven (NB),energieopslag040.nl,ONBEKEND (formulier),ONBEKEND,ONBEKEND,ONBEKEND,JA - Felicity/Marstek/Bluetti,WARMMIDDEL,thuisbatterij Eindhoven NB,#1 keuze in Noord-Brabant - 2500+ klanten - NEN gecertificeerd - 24/7 support - Marstek Venus 3.0 dealer,2026-03-22,ONBEKEND
Helder Zon,Tilburg (NB),helderzon.nl,ONBEKEND,ONBEKEND,ONBEKEND,ONBEKEND,JA - thuisbatterijen,WARMMIDDEL,thuisbatterij installateur Tilburg,Regio Tilburg en omstreken - particulieren/mkb/woningbouwcorporaties - jarenlange ervaring,2026-03-22,ONBEKEND
Mica Zon,Tilburg (NB),micazon.nl,ONBEKEND,ONBEKEND,ONBEKEND,ONBEKEND,JA - thuisbatterijen,WARMMIDDEL,thuisbatterij installateur Tilburg,Regio Tilburg+omgeving (Reeshof/Berkel/Dongen/Oisterwix/Gilze) - maatwerk particulieren+bedrijven,2026-03-22,ONBEKEND
OPPER,Nederland (landelijk),opper.nu,ONBEKEND (formulier),ONBEKEND,ONBEKEND,ONBEKEND,JA - thuisbatterij,WARMMIDDEL,thuisbatterij NL,Landelijke dekking - klantwaardering 9.5 - zonnepanelen+thuisbatterij+laadpalen - 100% gecertificeerd,2026-03-22,ONBEKEND
Intercel Services B.V.,Haarlem (NH),intercel.eu,088-514 99 00,sales-ess@intercel.nl,Dirk van Gogswaardt (BD Manager),Business Development,JA - Cellpower zakelijk,NIET,WARM,Google zoekopdracht zakelijke batterij NL,Oudeweg 89 2031 CC Haarlem - 088-514 99 02 - lead voor zakelijke batterijen 100kWh-5MWh,2026-03-22
Energreen NL,Apeldoorn (GE),energreen.nl,ONBEKEND,info@energreen.nl,ONBEKEND,ONBEKEND,JA - thuisbatterij + zakelijk,NIET,MIDDEL-WARM,Google zoekopdracht thuisbatterij installateur,Zakelijke batterijen + thuisbatterijen - regio Apeldoorn/Deventer/Zutphen,2026-03-22
Vandebron,Amsterdam (NH),vandebron.nl,ONBEKEND,ONBEKEND,ONBEKEND,ONBEKEND,JA - dynamische energie+batterij,NIET,MIDDEL,Google zoekopdracht,Niet installateur maar energieleverancier met batterijpool - potentieel partnership?,2026-03-22
Solar Garant,Drachten (FR),solargarant.nl,ONBEKEND,info@solargarant.nl,ONBEKEND,ONBEKEND,JA - thuisbatterijen,ONBEKEND,MIDDEL-WARM,Google thuisbatterij Zuid-Holland,Landelijke dekking via dealer netwerk - 4.5/5 Trustpilot - opgericht 2010 - regio Friesland/Noord-NL,2026-03-22
Valk Energieopslag,De Lier (ZH),valkenergieopslag.nl,ONBEKEND,info@valkenergieopslag.nl,ONBEKEND,ONBEKEND,JA - zakelijke batterijen,ONBEKEND,WARM,Google zakelijke batterij ZH,Vestigingen in De Lier (Westland) en Hellevoetsluis - MKB/agrariërs/horeca/retail/logistiek - piekafvlakking specialist - EIA voordelen,2026-03-22
Zonnepanelen.io,Tilburg (NB),zonnepanelen.io,+31 13 782 0204,info@zonnepanelen.io,ONBEKEND,ONBEKEND,JA - thuisbatterijen,WARMMIDDEL,Google Tilburg thuisbatterij,Spaubeekstraat 95-36 Tilburg - actief in heel Noord-Brabant - zonnepanelen+thuisbatterijen,2026-03-22,ONBEKEND
Dutch Energy Company,Landelijk (NL),dutchenergycompany.nl,ONBEKEND,ONBEKEND,ONBEKEND,ONBEKEND,JA - thuisbatterij,NIET,MIDDEL,Google thuisbatterij Tilburg/NB,Landelijke dekking - locaties in Tilburg/Utrecht/Eindhoven/Breda/Arnhem/Nijmegen - potentieel voor partnership,2026-03-22
Solar Concept,Nijkerk (GE),solarconcept.nl,ONBEKEND,info@solarconcept.nl,ONBEKEND,ONBEKEND,JA - thuisbatterij,ONBEKEND,MIDDEL,Google thuisbatterij installateur,Biedt SGZE (Stichting Garantiefonds Zonne-energie) - goede service focus - regio Nijkerk/Gelderland,2026-03-22
Zonnepanelen Brabant B.V.,Roosendaal (NB),zonnepanelen-brabant.nl,+31 (0)165-201134,info@zonnepanelen-brabant.nl,ONBEKEND,ONBEKEND,JA - thuisbatterij,NIET,WARM-MIDDEL,Google thuisbatterij installateur NB,Spoorstraat 7 4702 VV Roosendaal - erkende installateur - landelijke dekking,2026-03-22
E2C B.V.,Rotterdam (ZH),e2c-energy.com,ONBEKEND,ONBEKEND,ONBEKEND,ONBEKEND,JA - Deye officieel distributor,JA (officieel distributor),WARM,Deye Nederland dealer,Deye officieel distributor voor NL vanaf juni 2023 - Aploniastraat 33 3084CC Rotterdam - verkoopt Deye omvormers + batterijen,2026-03-22
BPath Energy,Nederland (landelijk),bpathenergy.nl,+31 (0)6 24925649,info@bpathenergy.nl,ONBEKEND,ONBEKEND,JA - Deye shop,JA (Deye shop),WARM,Deye dealer Nederland,Verkoopt Deye batterijen en hybride omvormers - levert NL + buitenland - custom transport boxes,2026-03-22
De Groene Batterij,Den Haag (ZH),degroenebatterij.nl,ONBEKEND,ONBEKEND,ONBEKEND,ONBEKEND,JA - thuisbatterij specialist,WARMMIDDEL,Google Den Haag thuisbatterij,Gespecialiseerd in regio Haaglanden/Den Haag - focus op thuisbatterijen,2026-03-22,ONBEKEND
RD Solar Group,Den Haag (ZH),rdsolargroup.nl,ONBEKEND,ONBEKEND,ONBEKEND,ONBEKEND,JA - thuisbatterij installatie,WARMMIDDEL,Google Den Haag thuisbatterij,Professionele installatie - ook zonder zonnepanelen - actief in Den Haag regio,2026-03-22,ONBEKEND
De Koning Energie,Utrecht (UT),ONBEKEND,020-6766614,ONBEKEND,ONBEKEND,ONBEKEND,JA - zonnepanelen/thuisbatterijen/warmtepompen,WARMMIDDEL,Trustoo Utrecht,Jaarbeusplein 22 3521 AP Utrecht - breed dienstenpakket verduurzaming,2026-03-22,ONBEKEND
Hagitech,Utrecht (UT),hagitech.nl,ONBEKEND,ONBEKEND,ONBEKEND,ONBEKEND,JA - thuisbatterij merken,WARMMIDDEL,Google Utrecht thuisbatterij,12 jaar ervaring - levert en installeert meerdere thuisbatterij merken in Utrecht,2026-03-22,ONBEKEND
ZonnepanelenPlus,Utrecht (Houten),zonnepanelenplus.nl,ONBEKEND,ONBEKEND,ONBEKEND,ONBEKEND,JA - thuisbatterij,16 jaar ervaring,WARMMIDDEL,Google Utrecht thuisbatterij,16+ jaar ervaring - gecertificeerde installateurs - actief in regio Utrecht,2026-03-22
Solar Evolution,Utrecht (UT),solarevolution.nl,ONBEKEND,info@solarevolution.nl,ONBEKEND,ONBEKEND,JA - Pylontech/Solis,WARMMIDDEL,Google Utrecht thuisbatterij,Gecertificeerde installatie - Solis omvormer + Pylontech thuisbatterij combinatie,2026-03-22,ONBEKEND
Slimster (aggregator),Landelijk,slimster.nl/thuisbatterij/utrecht/,ONBEKEND,ONBEKEND,ONBEKEND,ONBEKEND,JA (lead aggregator),ONBEKEND,MIDDEL,Trustoo/Slimster aggregator,9 thuisaccu-specialisten in Utrecht - merken: SMA, Enphase
Zonnepanelen Super,Landelijk,zonnepanelensuper.nl,ONBEKEND,ONBEKEND,ONBEKEND,ONBEKEND,JA - Deye dealer,WARMMIDDEL,Google Deye omvormer NL,Verkoopt Deye 48V-12kW hybride omvormer - geschikt voor DHZ accusets,2026-03-22,ONBEKEND
Esy.nl (BPath Energy),Nederland (NL),esy.nl/deye,ONBEKEND,ONBEKEND,ONBEKEND,ONBEKEND,JA - Deye groothandel,JA (Deye dealer),WARM,Google Deye Nederland,B2B only - verkoopt o.a. Deye Sun-10K-SG04LP3-EU hybride omvormer,2026-03-22
NKON.nl,Landelijk,nkon.nl,ONBEKEND,info@nkon.nl,ONBEKEND,ONBEKEND,JA - Deye dealer,WARMMIDDEL,Google Deye Nederland,Verkoopt Deye naast Victron, Pylontech, Seplos
Zonstraal Forum (Deye gebruikers),Belgie/NL,forums.zonstraal.be,ONBEKEND,ONBEKEND,ONBEKEND,ONBEKEND,JA - Deye gebruikers,JA (Deye gebruikers),WARM-MIDDEL,Zonstraal forum,Deye gebruikersgroep BE/NL - importeur in NL gevonden door forumleden - potentieel community lead,2026-03-22
Eco Solar Energy B.V.,Varsseveld (GE),ecosolarenergy.nl,ONBEKEND (formulier),info@ecosolarenergy.nl,ONBEKEND,ONBEKEND,JA - 2.5-2510 kWh batterijopslag,NIET,WARM,Google thuisbatterij NL,Batterijopslag specialist - merken: SolarEdge, Enphase
Zonnepaneel Zeeland,Terneuzen (ZL),zonnepaneelzeeland.nl,+31 (0)115 728800,info@zonnepaneelzeeland.nl,ONBEKEND,ONBEKEND,JA - thuisbatterij,NIET,WARM-MIDDEL,Google thuisbatterij Zeeland,Communicatielaan 254538BV Terneuzen - KVK 22058281 - InstallQ erkend - regio Zeeland,2026-03-22
ElektroMakers,Zeeland (ZL),elektromakers.nl,ONBEKEND (formulier),info@elektromakers.nl,ONBEKEND,ONBEKEND,JA - thuisbatterij specialist (3.5kWh+),NIET,WARM-MIDDEL,Google thuisbatterij Zeeland,Elektromonteur in Zeeland - Erkend installateur - regio Walcheren/Zeeland - thuisbatterijen voor particulier en zakelijk - capaciteit vanaf 3.5kW,2026-03-22
Nova-Cell B.V.,Barneveld (GE),nova-cell.com,+31 342 221 570,info@nova-cell.com,ONBEKEND,ONBEKEND,JA - compatibel met Deye omvormers,JA (compatible merken),WARM,Google Deye dealer NL,Compagnieweg 5 3771 NH Barneveld - KvK 89868331 - Groothandel in electronica/telecommunicatie - potentieel voor wholesale partnership,2026-03-22
KUKO Energy Solutions,Monster (ZH),kuko.nl,0174-792511,info@ex.comkuko.nl,ONBEKEND,ONBEKEND,JA - Deye All-in-1 systemen,ONBEKEND,WARM,Google Deye NL,Deye Sun-10K-SG04LP3 dealer - NL + België - B2B groothandel portal - 32 2681 DR Monster,2026-03-22
Sinnergie B.V.,Lemmer (FR),sinnergie.nl,0514-593329,ONBEKEND,ONBEKEND,ONBEKEND,JA - SolarEdge/thuisbatterij specialist,NIET,WARM-MIDDEL,Google thuisbatterij Friesland/FL/DR/GN/OV,Actief in Friesland, Flevoland
Coppens Energie,Roosendaal (NB),coppens-energie.nl,ONBEKEND (formulier),ONBEKEND,ONBEKEND,ONBEKEND,JA - SolarEdge thuisbatterij,NIET,WARM-MIDDEL,Google thuisbatterij NL,Thuisbatterij met SolarEdge - Vijfhuizenberg 105B 4708AJ Roosendaal - landelijke dekking - dynamische energiehandel - BTW teruggave - familiebedrijf,2026-03-22
Zonzo Duurzame Energie,Bergecht (NB),zonzo.nl,ONBEKEND,info@zonzo.nl,ONBEKEND,ONBEKEND,JA - Sigenergy/SMA/Sungrow,NIET,WARM,LinkedIn thuisbatterij NL,17 jaar ervaring - 11-50 medewerkers - zakelijke batterijen 458kWh - regio NB/Gelderland - Wattmaestro EMS partner,2026-03-22
Solar Expert Jansen,Groningen (GN),solarexpertjansen.nl,ONBEKEND,ONBEKEND,ONBEKEND,ONBEKEND,JA - thuisbatterij,ONBEKEND,WARM-MIDDEL,LinkedIn solar installateur,Grootste zonnepaneel installateur Noord-Nederland - regio Groningen/Drenthe/Friesland,2026-03-22
BestBuySolar,Nederland (NL),bestbuysolar.nl,ONBEKEND,ONBEKEND,ONBEKEND,ONBEKEND,JA - Enphase thuisbatterij,NIET,MIDDEL,LinkedIn Enphase dealer,Enphase dealer - 25 jaar productgarantie - uitbreidbaar met thuisbatterij,2026-03-22
Indevolt (merk),Nederland (NL),indevolt.com,ONBEKEND,ONBEKEND,ONBEKEND,ONBEKEND,JA - eigen merk thuisbatterij (PowerFlex/SolidFlex),NIET,WARM-MIDDEL,Thuisbatterij.nl product,Exclusieve merken bij Thuisbatterij.nl - 8000 laadcycli garantie - modulair systeem - potentieel voor wholesale/partner,2026-03-22
Eco Energy Solutions B.V.,Broek op Langedijk (NH),ecoenergysolutions.nl,0226-428348,info@ecoenergysolutions.nl,ONBEKEND,ONBEKEND,JA - thuisbatterij specialist,NIET,WARM,Google thuisbatterij NH,Breede Plat 14-B 1721 PS Broek op Langedijk - 15+ jaar ervaring - 9.7 klantwaardering - Erkend installateur - potentieel voor NH/Noord-Holland dekking,2026-03-22
Installatiebedrijf Klok,Diever (DR),installatiebedrijfklok.nl,ONBEKEND,ONBEKEND,Robert Lokhorst,Eigenaar,JA - thuisbatterij,NIET,WARM,Google thuisbatterij DR,Diever (Drenthe) - TloKB lid - Al sinds 1997 actief - goede reviews - potentieel voor DR/Overijssel dekking,2026-03-22
DSB Led & Solar,Flevoland,dsbled.nl,ONBEKEND,ONBEKEND,ONBEKEND,ONBEKEND,JA - thuisbatterij,NIET,MIDDEL-WARM,Google thuisbatterij Flevoland,Thuisaccu specialist in Flevoland - Lelystad/Almere/Emmeloord regio - potentieel voor FL dekking,2026-03-22
Zonion,Flevoland (NL),zonion.nl,ONBEKEND,ONBEKEND,ONBEKEND,ONBEKEND,JA - thuisbatterij installateur,NIET,MIDDEL-WARM,Google thuisbatterij Flevoland,Vertrouwde thuisbatterij installateur voor Flevoland en omstreken - particulier en zakelijk - potentieel voor FL dekking,2026-03-22
PRITZ Zonnestroom,Lelystad (FL),pritz.nl,ONBEKEND,info@pritz.nl,ONBEKEND,ONBEKEND,JA - zonnepanelen + thuisbatterij,NIET,MIDDEL-WARM,Google thuisbatterij Flevoland,Actief in heel Flevoland (Lelystad/Almere/Urk/Emmeloord/Dronten) - totaalpakket verduurzaming - potentieel voor FL dekking,2026-03-22
Sunrize,Zwolle (OV),ONBEKEND (Trustoo),ONBEKEND,ONBEKEND,ONBEKEND,ONBEKEND,JA - thuisbatterij,NIET,WARM-MIDDEL,Trustoo Zwolle thuisbatterij,Top 10 thuisbatterij installateur Zwolle - geavanceerde thuisbatterij-oplossingen - potentieel voor OV/Overijssel dekking,2026-03-22
Thuisbatterij Experts,Nederland (NL),thuisbatterijexperts.nl,ONBEKEND,ONBEKEND,ONBEKEND,ONBEKEND,JA - thuisbatterij specialist,NIET,MIDDEL,Google thuisbatterij NL,Landelijke dekking - specialist in thuisbatterijen - potentieel partnership aggregatie,2026-03-22
Blauvolt,Drenthe (NL),blauvolt.nl,ONBEKEND,ONBEKEND,ONBEKEND,ONBEKEND,JA - thuisbatterij,NIET,WARM-MIDDEL,Google thuisbatterij Drenthe,Dé Zonnepanelen Installateur in Drenthe - gecertificeerde installateurs - thuisbatterij met zonnepanelen - potentieel voor DR dekking,2026-03-22
DCN Duurzaam,Friesland (FR),dcnduurzaam.nl,ONBEKEND,ONBEKEND,ONBEKEND,ONBEKEND,JA - thuisbatterij,NIET,MIDDEL-WARM,Google thuisbatterij Friesland,Midden-Friesland en omstreken (Groningen/Drenthe/Flevoland) - Thuisbatterij Scan gratis - potentieel voor FR/FL/GN/DR dekking,2026-03-22
Thuisbatterij-installateur.nl,Nederland (landelijk),thuisbatterij-installateur.nl,0853332453,ONBEKEND,ONBEKEND,ONBEKEND,JA - thuisbatterij + installatie,NIET,WARM-MIDDEL,Google thuisbatterij installateur,Gelderland focus maar landelijke dekking - Barneveld vestiging - EcoHandel.nl wordt ook vermeld als specialist! - aggregator met directe contactgegevens,2026-03-22
e-WNDR B.V.,Spijkenisse (ZH),e-wndr.nl,085 822 77 23,info@e-wndr.nl,ONBEKEND,ONBEKEND,JA - thuisbatterij + zonnepanelen,NIET,WARM,Google thuisbatterij Rotterdam,Laanweg 16 3208 LC Spijkenisse - regio Rotterdam/ZH - 8.9 klantwaardering - telefonisch bereikbaar 09:00-16:00,2026-03-22
Engie,Nederland (landelijk),engie.nl,ONBEKEND,ONBEKEND,ONBEKEND,ONBEKEND,JA - grote zakelijke batterijprojecten (35MW Lelystad),NIET,WARM,Google zakelijke batterij NL,Groot energiebedrijf - plaatst 35MW batterijopslag in Lelystad 2025 - enterprise level prospect,2026-03-22
AlphaESS,Nederland (landelijk),alphaess.nl,ONBEKEND,ONBEKEND,ONBEKEND,ONBEKEND,JA - zakelijke batterijopslag systemen (UL9540A, CE, UN38.3),NIET,WARM,Google zakelijke batterij NL
SamenStromen,Amersfoort (UT),samenstromen.nl,033-2087 555 / 0318-757 888,ONBEKEND,Hans Drijfhout / Bart Bartelds (Adviseurs),Adviseur,JA - thuisbatterij + zonnepanelen + laadpalen,NIET,WARM-MIDDEL,Google thuisbatterij Amersfoort,Regio Amersfoort, Apeldoorn
Belinus,Nederland (NL),belinus.com,ONBEKEND,info@belinus.com,ONBEKEND,ONBEKEND,JA - batterijopslag residentieel+zakelijk,NIET,WARM-MIDDEL,Google duurzame energie NL,Benelux focus - 40% meer zonnepaneelinstallaties 2025 - actief in NL+BE - potentieel partnership,2026-03-22
Synergroen,Nederland (NL),synergroen.nl,ONBEKEND,info@synergroen.nl,ONBEKEND,ONBEKEND,JA - batterij + zonnepanelen,NIET,WARM,Google zonnepanelen 2026 NL,EPBD richtlijn - batterij verplicht per mei 2026 - goede timing voor Deye conversie,2026-03-22
Aalberts Duurzame Installaties,Achterveld (GE),aalbertsdi.nl,0578-641294,info@aalbertsdi.nl,ONBEKEND,ONBEKEND,JA - zakelijke batterijopslag,NIET,WARM,energieopslag bedrijf NL,Servicegebied: Gelderland + landelijk - PGS 37-1 gecertificeerd - piekafvlakking, congestion management
Soltecs Zonnepanelen,Waardenburg (GE),soltecs.nl,0485-362662,info@soltecs.nl,Patrick (eigenaar),Eigenaar/Adviseur,JA - thuisbatterij,NIET,WARM-MIDDEL,zonnepaneel installateur GE,Sinds 2011 - 93.500+ panelen geïnstalleerd - regio Gelderland/ Brabant/Limburg - groot in de regio - potentieel voor Deye partnership,2026-03-22
Soly,Amsterdam (NH),soly.nl,085 401 7000,info@soly.nl,ONBEKEND,ONBEKEND,JA - zonnepanelen + thuisbatterij,NIET,MIDDEL,zonnepaneel installateur NH,Groot landelijk bedrijf - 8.6★ Google reviews - landelijke dekking - potentieel partnership of concurrent,2026-03-22
Feenstra,Lelystad (FL),feenstra.com,ONBEKEND,ONBEKEND,ONBEKEND,ONBEKEND,JA - energieopslag + zonnepanelen,NIET,MIDDEL,energieopslag installateur FL,Groot landelijk installatiebedrijf - vestiging Lelystad - landelijke dekking - potentieel partnership,2026-03-22
Zwollepanelen,Overijssel (OV),zwollepanelen.nl,ONBEKEND,ONBEKEND,Huib Veurink en Thomas Hoefman (oprichters),Oprichters,JA - thuisbatterijen,WARMMIDDEL,Google thuisbatterij Zwolle OV,Opgericht door Huib Veurink en Thomas Hoefman - persoonlijke aanpak - regio Zwolle/Kampen/Meppel/Dronten - potentieel voor OV dekking,2026-03-22,ONBEKEND
Saman Groep,Zeeland/NB (landelijk),saman-groep.nl,ONBEKEND,info@saman-groep.nl,Daniël Lodders (Algemeen directeur),Algemeen directeur,JA - volledige breedte energietransitie incl batterijen,WARMWarm,MIDDEL,energieopslag bedrijf NL,100+ jaar ervaring - vestigingen door heel NL behalve FR/GN - 30-35% minder zonlicht-panelen maar batterijverkoop stijgt - goede prospect voor zakelijke batterijen,2026-03-22
WaardeVolt,Bovensmilde (DR),waardevolt.nl,0592-820 300,contact@waardevolt.nl,ONBEKEND,ONBEKEND,JA - batterijopslag netcongestie,WARMMIDDEL,zakelijke batterij NL,Kanaalweg 126 9421 SV Boversmilde - KvK 77624076 - gespecialiseerd in batterijopslag voor netcongestie - oplossing voor druk op elektriciteitsnet - goede prospect voor zakelijke batterijen,2026-03-22,ONBEKEND
WattsNext,ONBEKEND (NL),wattsnext.energy,ONBEKEND,ONBEKEND,ONBEKEND,ONBEKEND,JA - slimme energieopslag,WARMMIDDEL,energieopslag bedrijf NL,Slimme energieopslag voor bedrijven en particulieren - kostenbesparing en energiezekerheid - potentieel voor partnership,2026-03-22,ONBEKEND
Bata Energy Solutions,ONBEKEND (NL),bata-energysolutions.nl,ONBEKEND,ONBEKEND,ONBEKEND,ONBEKEND,JA - grote zakelijke batterijen (2MWh+),WARM,zakelijke batterij NL,Voert grote batterijprojecten uit (2.928 zonnepanelen + 2x2MWh batterijen bij Van Tuijl Kesteren) - zakelijke focus - sterke zakelijke batterijervaring,2026-03-22,ONBEKEND
HT Solar Nederland Projects B.V.,Nijverdal (OV),htsolarnederland.nl,0548-226777,info@htsolarnederland.nl,ONBEKEND,ONBEKEND,JA - Deye dealer,JA (Deye dealer),WARM,Deye omvormer NL pagina,Van den Bergsweg 3 7442CK Nijverdal - Groothandel + installateur - KvK 80224954 - potentieel voor Deye wholesale partnership,2026-03-22
Bonk Elektro B.V.,Deventer (GE),bonkelektro.nl,0570-714846 / 06-14980365,info@bonkelektro.nl,ONBEKEND,ONBEKEND,JA - thuisbatterij + dynamische energiehandel,ONBEKEND,WARM-MIDDEL,Google Deventer thuisbatterij,Finsestraat 1 7418AN Deventer - KvK 82311498 - 1200+ woningen - ook actief op EPEX/onbalansmarkt - goede prospect voor Deye omvormers,2026-03-22
Solard,Zwolle (OV),solard.nl,ONBEKEND,ONBEKEND,ONBEKEND,ONBEKEND,JA - thuisbatterij,ONBEKEND,MIDDEL,Google Deventer thuisbatterij,Regio Deventer/Apeldoorn - gecertificeerde monteurs - particulier + zakelijk - potentieel voor OV/Gelderland dekking,2026-03-22
Bruens Duurzame Technieken,Apeldoorn (GE),bruensdt.nl,ONBEKEND,ONBEKEND,Jordan Bruens (eigenaar),Eigenaar,JA - thuisbatterij specialist,ONBEKEND,WARM-MIDDEL,Google Apeldoorn thuisbatterij,Lokale specialist Apeldoorn - persoonlijk advies - zonnepanelen + thuisbatterijen + laadpalen - potentieel voor GE dekking,2026-03-22
Nordzon,Zeewolde (FL),nordzon.nl,06 15 53 92 43,info@nordzon.nl,ONBEKEND,ONBEKEND,JA - thuisbatterij specialist FL/GV/OV/DR/Friesland/NH,NIET,WARM-MIDDEL,Google thuisbatterij Flevoland,Levert in FL, Gelderland
Marstek Nederland,Barneveld (GE),marstek.nl,085 401 6430,info@marstek.nl,ONBEKEND,ONBEKEND,JA - Plug & Play thuisbatterij (concurrent),NIET (eigen merk),MIDDEL (CONCURRENT),Google Plug & Play thuisbatterij,Officieel NL/BE distributor Marstek Venus E 3.0 - Barneveld vestiging - 9.3/10 reviews - Concurrent maar nuttig voor marktinzicht,2026-03-22
De Kei Zonnepanelen,Barneveld (GE),dekeizonnepanelen.nl,+31 6 57 59 82 06,info@dekeizonnepanelen.nl,ONBEKEND,ONBEKEND,JA - thuisbatterij installatie,ONBEKEND,WARM,Google thuisbatterij installateur NL + website check 2026-03-22,Thuisbatterij installatie + zonnepanelen - telefonisch bereikbaar - regio Barneveld/Gelderland - 0657598206 bevestigd via website,2026-03-22
Energreen (voormalig Innodura),Rotterdam (ZH),energreen.com/nl-NL/innodura,079-8891883,rotterdam@energreen.com,ONBEKEND,ONBEKEND,JA - thuisbatterij + zonnepanelen,NIET,WARM-MIDDEL,Google thuisbatterij NL,Overgang naar Energreen - Overwegwachter 3 3034 KG Rotterdam - KvK 70261423 - landelijke dekking via dealer netwerk - potentieel voor ZH/Rotterdam dekking,2026-03-22
SolarPro Nederland,Dordrecht (ZH),solarpronederland.nl,ONBEKEND,ONBEKEND,ONBEKEND,ONBEKEND,JA - SolarEdge thuisbatterij specialist,MIDDEL-WARM,Google thuisbatterij Dordrecht,Specialist in zonnepaneel installaties inclusief SolarEdge thuisbatterij - regio Dordrecht/ZH - 4 weken installatie - potentieel voor Zuid-Holland dekking,2026-03-22,ONBEKEND
Solar Outlet,Nederland (landelijk),solar-outlet.nl,036 203 4009,ONBEKEND,ONBEKEND,ONBEKEND,JA - thuisbatterij + omvormers (Solis/SolarEdge/Deye),NIET,MIDDEL-WARM,Google zonnepaneel installateur NL + thuisbatterij pagina,Groothandel webshop - installateur-partner programma - verkoopt omvormers + thuisbatterijen - btw teruggave mogelijk - potentieel voor Deye wholesale,2026-03-22
Thuisaccu Webshop,Nederland (landelijk),thuisaccuwebshop.nl,ONBEKEND,ONBEKEND,ONBEKEND,ONBEKEND,JA - omvormers specialist (Solis/SMA/GoodWe),NIET,MIDDEL,Google omvormer kopen NL,Webshop gespecialiseerd in omvormers - merken: Solis, SMA
Micro-omvormer.nl,België/Nederland,micro-omvormer.nl,ONBEKEND,ONBEKEND,ONBEKEND,ONBEKEND,JA - Deye micro-omvormers (SUN500G/SUN1200G),JA (Deye dealer),MIDDEL-WARM,Google Deye omvormer pagina,Onafhankelijke vergelijker - Deye SUN500G/SUN1200G micro-omvormers - 96.5% efficiëntie - 10 jaar garantie - potentieel partnership BE/NL markt,2026-03-22
Eigenstroomopslaan.nl,Nederland (webshop),eigenstroomopslaan.nl,ONBEKEND,ONBEKEND,ONBEKEND,ONBEKEND,JA - BYD/Sungrow/LG/SolarEdge/Pylontech/Huawei/BlauHoff,JA (Deye micro-omvormers),WARM,Google Deye micro-omvormer,Verkoopt Deye SUN600 micro-omvormers - NL wholesaler met afhaal Magazijn - merken: BYD Sungrow LG SolarEdge Pylontech Huawei BlauHoff - potentieel voor Deye distributie,2026-03-22
Markhorst B.V.,Eersel (NB),markhorstbv.nl,+31 (0)497 514 064,info@markhorstbv.nl,Kobe Stokmans (contact),Zakelijke energieopslag,JA - Hager/Battiq/Cell Power/Alius Energy,NIET,WARM,Google zakelijke batterij NL,Kerver 4 5521DB Eersel - KvK 17155890 - merkonafhankelijk - werkt met Battiq, Alius Energy
BatterijNet,Nederland (landelijk),batterijnet.nl,085 110 93 50,info@batterijnet.nl,ONBEKEND,ONBEKEND,JA - thuisbatterij,NIET,MIDDEL,thuisbatterij installateur NL,Landelijk netwerk van batterijinstallateurs - aggregator/partner model - potentieel voor partnership,2026-03-22
Octave Energy,Zuid-Holland ( NL),octave.energy,ONBEKEND,info@octave.energy,ONBEKEND,ONBEKEND,JA - BESS/EMS systemen (314Ah LFP, IP54, vloeistofkoeling),NIET,WARM,energieopslag bedrijf NL 2026
ChargeUp Noord,Noord-Brabant (NB),chargeup-noord.nl,ONBEKEND,ONBEKEND,ONBEKEND,ONBEKEND,JA - thuisaccu's + zonnepanelen + laadpalen,NIET,WARM,thuisbatterij installateur NB,Regio Noord-Brabant - eigen monteurs (geen ZZPers) - gecertificeerde installateurs - 4-6 weken levertijd - goede prospect voor NB dekking,2026-03-22
123 Zonen Energie,Nederland (landelijk),123zonenenergie.nl,ONBEKEND,ONBEKEND,ONBEKEND,ONBEKEND,JA - zakelijke batterijen (71-100kWh DH100F),NIET,WARM,energieopslag bedrijf NL,Zakelijke energieopslag systemen - batterijen voor bedrijven - KNX/Homey ondersteuning - potentieel voor zakelijke Deye omvormers,2026-03-22
Batt (Bollenstreek),Zuid-Holland (Leiden),batt.nl,ONBEKEND,ONBEKEND,ONBEKEND,ONBEKEND,JA - thuisbatterij specialist,NIET,WARM-MIDDEL,thuisbatterij installateur ZH,Bollenstreek en regio Leiden - eigen installateurs - thuisbatterij focus - potentieel voor ZH/LD dekking,2026-03-22
FDB Techniek,Friesland (FR),fdbtechniek.nl,0518-419424,info@fdbtechniek.nl,ONBEKEND,ONBEKEND,JA - zonnepanelen + thuisbatterij,NIET,MIDDEL-WARM,Google zonnepanelen Friesland,Nij Toerenburg 15A 9076 MA Sint Annaparochie - installatiewerkzaamheden in Noordwest Friesland en heel Noord-Nederland - potentieel voor FR dekking,2026-03-23
MHELIOS by Midea,Nederland (NL),mheliosbymidea.nl,085-800 12 11,info@mheliosbymidea.nl,ONBEKEND,ONBEKEND,JA - Midea thuisbatterij,NIET,WARM-MIDDEL,Solar Magazine 2026,Exclusief importeur Midea thuisbatterij - actief in installateurs netwerk - nieuwe speler met potentieel,2026-03-23
Mobi Solar,Nederland (landelijk),mobisolar.nl,ONBEKEND,ONBEKEND,ONBEKEND,ONBEKEND,JA - thuisbatterij + subsidie,NIET,MIDDEL,thuisbatterij NL 2026,Actief in subsidie informatie - thuisbatterijen - regio onbekend maar landelijke content - potentieel voor partnership content,2026-03-22
Verdasol,Nederland (landelijk),verdasol.nl,ONBEKEND,info@verdasol.nl,ONBEKEND,ONBEKEND,JA - thuisbatterij + subsidie,NIET,MIDDEL,thuisbatterij subsidie NL 2026,Kennisbank met subsidie info per provincie (Overijssel, Gelderland
Gaslicht.com,Nederland (landelijk),gaslicht.com,ONBEKEND,ONBEKEND,ONBEKEND,ONBEKEND,JA - thuisbatterij,NIET,MIDDEL,thuisbatterij kopen 2026,Groot energieplatform - verkoopt thuisbatterijen - content hub - potentieel voor partnership/affiliate,2026-03-22
P1 Meter,Nederland (landelijk),p1meter.nl,ONBEKEND,ONBEKEND,ONBEKEND,ONBEKEND,JA - plug-in thuisbatterijen (Zendure, Marstek, Indevolt, Jackery),NIET,MIDDEL
Sollit,Nederland (landelijk),sollit.com,ONBEKEND,info@sollit.com,ONBEKEND,ONBEKEND,JA - duurzame energie installaties,NIET,MIDDEL-WARM,energie installateur 2026,Nieuws over Energiewet 2026 - ism wijzigingen voor duurzame installateurs - potentieel voor inhoudelijke samenwerking,2026-03-22
NextGenHome B.V.,Haarlem (NH),nextgenhome.nl,0611704819,ONBEKEND,ONBEKEND,ONBEKEND,JA - slimme thuisbatterijen,NIET,WARM,Trustoo NH thuisbatterij,Conradweg 25A 2031 CM Haarlem - 12 jaar ervaring - 63 reviews - prospect voor NH dekking - belt klanten actief voor thuisbatterij verkoop,2026-03-22
SmartCharged,Beverwijk (NH),smart-charged.nl,ONBEKEND,ONBEKEND,Jens de Jong (Adviseur),Adviseur,JA - thuisbatterijen specialist,NIET,WARM,Trustoo NH thuisbatterij,Flevoland 15A Beverwijk - 2 jaar in bedrijf - 74 reviews - gespecialiseerd in thuisbatterijen en slimme energieoplossingen - KvK 92961746 - prospect voor NH/Noord-Kennemerland dekking,2026-03-22
AddSolar B.V.,Leeuwarden (FR),addsolar.nl,085-301 2819,hallo@addsolar.nl,ONBEKEND,ONBEKEND,JA - zonnepanelen/thuisbatterijen/laadpalen/airco's/hybride warmtepompen,NIET,WARM,Trustoo FR thuisbatterij + Facebook,François Haverschmidtwei 5 Leeuwarden - 8 jaar in bedrijf - 90 reviews (Top Pro) - 085-3012819 / hallo@addsolar.nl - breed dienstenpakket - regio Friesland - goede prospect voor FR dekking,2026-03-22
Elektro Service Eindhoven,Eindhoven (NB),elektroserviceeindhoven.nl,06-28 57 48 49,ONBEKEND,ONBEKEND,ONBEKEND,JA - thuisbatterij specialist,NIET,WARM,Google thuisbatterij installateur NB,Eindhoven - Pisanostraat 53A 5623 CB - KvK 62760750 - 16 jaar ervaring - gecertificeerd - 2 uur service - prospect voor NB dekking,2026-03-22
Thuisbatterij Den Haag,Den Haag,samangroep.nl,0580662414,ONBEKEND,ONBEKEND,ONBEKEND,JA - B2B Scrape,ONBEKEND,MIDDEL,AutoScraper DDG,Gevonden via Den Haag search,2026-03-23
solvari.nl,Den Haag,solvari.nl,0478234800,info@icharge.nu,ONBEKEND,ONBEKEND,JA - B2B Scrape,ONBEKEND,MIDDEL,AutoScraper DDG,Gevonden via Den Haag search,2026-03-23
thuisbatterij-utrecht.com,Utrecht,thuisbatterij-utrecht.com,ONBEKEND,info@thuisbatterij-utrecht.com,ONBEKEND,ONBEKEND,JA - B2B Scrape,ONBEKEND,MIDDEL,AutoScraper DDG,Gevonden via Utrecht search,2026-03-23
stroomloods.nl,Utrecht,stroomloods.nl,0294700203,info@stroomloods.nl,ONBEKEND,ONBEKEND,JA - B2B Scrape,ONBEKEND,MIDDEL,AutoScraper DDG,Gevonden via Utrecht search,2026-03-23
jp-installaties.nl,Utrecht,jp-installaties.nl,08433532714,info@jp-install.nl,ONBEKEND,ONBEKEND,JA - B2B Scrape,ONBEKEND,MIDDEL,AutoScraper DDG,Gevonden via Utrecht search,2026-03-23
kemkens.nl,Breda,kemkens.nl,+310885050330,ONBEKEND,ONBEKEND,ONBEKEND,JA - B2B Scrape,ONBEKEND,MIDDEL,AutoScraper DDG,Gevonden via Breda search,2026-03-23
thuisbatterijmh.nl,Maastricht,thuisbatterijmh.nl,0612345678,info@thuisbatterijmh.nl,ONBEKEND,ONBEKEND,JA - B2B Scrape,ONBEKEND,MIDDEL,AutoScraper DDG,Gevonden via Maastricht search,2026-03-23
Thuisbatterij in Maastricht,Maastricht,you-charge.nl,03161592999,ONBEKEND,ONBEKEND,ONBEKEND,JA - B2B Scrape,ONBEKEND,MIDDEL,AutoScraper DDG,Gevonden via Maastricht search,2026-03-23
sterkstroom.nl,Maastricht,sterkstroom.nl,0814578484,info@sterkstroom.nl,ONBEKEND,ONBEKEND,JA - B2B Scrape,ONBEKEND,MIDDEL,AutoScraper DDG,Gevonden via Maastricht search,2026-03-23
Thuisbatterij Leeuwarden,Leeuwarden,installatieservicevanderveen.nl,058 8811800,info@installatieservicevanderveen.nl,ONBEKEND,ONBEKEND,JA - B2B Scrape,ONBEKEND,MIDDEL,AutoScraper DDG,Gevonden via Leeuwarden search,2026-03-23
jeroen.nl,Leeuwarden,jeroen.nl,085-4011246,info@groenopgewekt.nl,ONBEKEND,ONBEKEND,JA - B2B Scrape,ONBEKEND,MIDDEL,AutoScraper DDG,Gevonden via Leeuwarden search,2026-03-23
energiehuisvanburen.nl,Leeuwarden,energiehuisvanburen.nl,022539426,info@energiehuisvanburen.nl,ONBEKEND,ONBEKEND,JA - B2B Scrape,ONBEKEND,MIDDEL,AutoScraper DDG,Gevonden via Leeuwarden search,2026-03-23
Thuisbatterij Breda,Breda,volters.nl,+31850609498,info@volters.nl,ONBEKEND,ONBEKEND,JA - B2B Scrape,ONBEKEND,MIDDEL,AutoScraper DDG,Gevonden via Breda search,2026-03-23
geldbesparen.nu,Arnhem,geldbesparen.nu,08651410072,info@geldbesparen.nu,ONBEKEND,ONBEKEND,JA - B2B Scrape,ONBEKEND,MIDDEL,AutoScraper DDG,Gevonden via Arnhem search,2026-03-23
Thuisbatterij in Arnhem,Arnhem,energiebesparendirect.nl,0850066840,info@energiebesparendirect.nl,ONBEKEND,ONBEKEND,JA - B2B Scrape,ONBEKEND,MIDDEL,AutoScraper DDG,Gevonden via Arnhem search,2026-03-23
verantwoordduurzaam.nl,Arnhem,verantwoordduurzaam.nl,0552034224,info@petersbv.nl,ONBEKEND,ONBEKEND,JA - B2B Scrape,ONBEKEND,MIDDEL,AutoScraper DDG,Gevonden via Arnhem search,2026-03-23
Louwmans Energy,Leeuwarden,louwmans-energy.nl,02091161812,ONBEKEND,ONBEKEND,ONBEKEND,JA - B2B Scrape,ONBEKEND,MIDDEL,AutoScraper DDG,Gevonden via Leeuwarden search,2026-03-23
Thuisbatterij eindhoven,Eindhoven,dienstverleningsns.nl,057023965,info@dienstverleningsns.nl,ONBEKEND,ONBEKEND,JA - B2B Scrape,ONBEKEND,MIDDEL,AutoScraper DDG,Gevonden via Eindhoven search,2026-03-23
Thuisbatterij Eindhoven,Eindhoven,prezon.nl,ONBEKEND,info@prezon.nl,ONBEKEND,ONBEKEND,JA - B2B Scrape,ONBEKEND,MIDDEL,AutoScraper DDG,Gevonden via Eindhoven search,2026-03-23
Thuisbatterij,Zwolle,workomy.com,075668579,info@workomy.com,ONBEKEND,ONBEKEND,JA - B2B Scrape,ONBEKEND,MIDDEL,AutoScraper DDG,Gevonden via Zwolle search,2026-03-23
Thuisbatterij Zwolle,Zwolle,batterijadviseurs.nl,+31629332293,info@batterijadviseurs.nl,ONBEKEND,ONBEKEND,JA - B2B Scrape,ONBEKEND,MIDDEL,AutoScraper DDG,Gevonden via Zwolle search,2026-03-23
Thuisbatterij Zwolle,Zwolle,deduurzamebond.nl,+31657323950,info@deduurzamebond.nl,ONBEKEND,ONBEKEND,JA - B2B Scrape,ONBEKEND,MIDDEL,AutoScraper DDG,Gevonden via Zwolle search,2026-03-23
GroenPlan,Haarlem,groenplan.com,081611960,martcornelissen@groenplan.com,ONBEKEND,ONBEKEND,JA - B2B Scrape,ONBEKEND,MIDDEL,AutoScraper DDG,Gevonden via Haarlem search,2026-03-23
vakmanindebuurt.be,Middelburg,vakmanindebuurt.be,05597898987,info@vakmanindebuurt.be,ONBEKEND,ONBEKEND,JA - B2B Scrape,ONBEKEND,MIDDEL,AutoScraper DDG,Gevonden via Middelburg search,2026-03-23
Thuisbatterij Middelburg,Middelburg,novectra.nl,072604939,info@novectra.nl,ONBEKEND,ONBEKEND,JA - B2B Scrape,ONBEKEND,MIDDEL,AutoScraper DDG,Gevonden via Middelburg search,2026-03-23
steenbergen,Maastricht,steenbergen-elektriciens.nl,+31852129778,ONBEKEND,ONBEKEND,ONBEKEND,JA - B2B Scrape,ONBEKEND,MIDDEL,AutoScraper DDG,Gevonden via Maastricht search,2026-03-23
solarsteijns.nl,Maastricht,solarsteijns.nl,0650692135,ONBEKEND,ONBEKEND,ONBEKEND,JA - B2B Scrape,ONBEKEND,MIDDEL,AutoScraper DDG,Gevonden via Maastricht search,2026-03-23
hollandgaatduurzaam.nl,Nijmegen,hollandgaatduurzaam.nl,04453924250,hollandgaatduurzaam@gmail.com,ONBEKEND,ONBEKEND,JA - B2B Scrape,ONBEKEND,MIDDEL,AutoScraper DDG,Gevonden via Nijmegen search,2026-03-23
Energieopslag bij u thuis,Nijmegen,batterijencentrum.nl,024-7009830,info@speg.nl,ONBEKEND,ONBEKEND,JA - B2B Scrape,ONBEKEND,MIDDEL,AutoScraper DDG,Gevonden via Nijmegen search,2026-03-23
Thuisbatterij in Nijmegen,Nijmegen,mentingelektro.nl,06386626661,info@mentingelektro.nl,ONBEKEND,ONBEKEND,JA - B2B Scrape,ONBEKEND,MIDDEL,AutoScraper DDG,Gevonden via Nijmegen search,2026-03-23
Thuisbatterij installateur,Nijmegen,nettion.nl,0854011246,info@e2energie.nl,ONBEKEND,ONBEKEND,JA - B2B Scrape,ONBEKEND,MIDDEL,AutoScraper DDG,Gevonden via Nijmegen search,2026-03-23
Thuisbatterij in Groningen,Groningen,groenvolt.nl,0309169259,klantenservice@groenvolt.nl,ONBEKEND,ONBEKEND,JA - B2B Scrape,ONBEKEND,MIDDEL,AutoScraper DDG,Gevonden via Groningen search,2026-03-23
thuisbatterij,Breda,coro-zonnepanelen.nl,0765879002,info@coro-zonnepanelen.nl,ONBEKEND,ONBEKEND,JA - B2B Scrape,ONBEKEND,MIDDEL,AutoScraper DDG,Gevonden via Breda search,2026-03-23
DuurzaamX,Amsterdam,duurzaamx.nl,0718288727,ONBEKEND,ONBEKEND,ONBEKEND,JA - B2B Scrape,ONBEKEND,MIDDEL,AutoScraper DDG,Gevonden via Amsterdam search,2026-03-23
marktplaats.nl,Zwolle,marktplaats.nl,076419857,ONBEKEND,ONBEKEND,ONBEKEND,JA - B2B Scrape,ONBEKEND,MIDDEL,AutoScraper DDG,Gevonden via Zwolle search,2026-03-23
thuisbatterij-rotterdam.com,Rotterdam,thuisbatterij-rotterdam.com,052050667,info@thuisbatterijrotterdam.com,ONBEKEND,ONBEKEND,JA - B2B Scrape,ONBEKEND,MIDDEL,AutoScraper DDG,Gevonden via Rotterdam search,2026-03-23
dewarmtemeester.nl,Rotterdam,dewarmtemeester.nl,0103220212,ONBEKEND,ONBEKEND,ONBEKEND,JA - B2B Scrape,ONBEKEND,MIDDEL,AutoScraper DDG,Gevonden via Rotterdam search,2026-03-23
Goforsunpower B.V.,Rhenen/Utrechtse Heuvelrug (Gelderland),goforsunpower.nl,0318-724624,info@goforsunpower.nl,ONBEKEND,ONBEKEND,JA - Enphase batterij-ervaring,NIET - Enphase Platinum dealer,WARM,Website+Search (2026-03-28),Platinum Enphase installateur - breed regionaal netwerk (14 gemeenten Utr/Gel) - batterij-ervaring relevant voor Deye hybride omvormers,2026-03-28
Zonsimpel,Gelderland,zonsimpel.nl,085-782 71 27,info@zonsimpel.nl,ONBEKEND,ONBEKEND,JA - SolarEdge/SunPower/Solarwatt dealer,NIET - multi-merk gecertificeerd,WARM,Website+Search+KvK (2026-03-28),Gecertificeerd multi-merk dealer (SolarEdge+SunPower+Solarwatt) - 12.5 jaar ervaring - totaalinstallateur voor solar/thuisbatterij/warmtepomp/laders - KvK 71318895,2026-03-28
Solar Installatie Groep,Dordrecht (Zuid-Holland),solarinstallatiegroep.nl,+31 85 080 5936,info@solarinstallatiegroep.nl,ONBEKEND,ONBEKEND,JA - multi-energie (thuisbatterij+warmtepomp+airco+zonnepanelen),NIET,WO-MIDDEL,Website+Search (2026-03-28),Multi-energie aannemer - InstallQ gecertificeerd - 10.000+ klanten - Robijn 740 3316 KE Dordrecht,2026-03-28
